username,positive,negative,neutral,follower,following,favorite,tweets,retweet,favorited,e_positive,e_negative,anger,anticipation,disgust,fear,joy,sadness,surprise,trust,label,Openness,Conscientiousness,Extroversion,Agreeableness,Neuroticsm
jooshpn,6.81,-5.86,20.55,492.0,132.0,850.0,4272.0,1560.0,562.0,2.66,2.26,0.73,1.37,0.66,1.06,0.97,0.86,0.53,1.26,Conscientiousness,3.2,4.333333333,1.75,3.666666667,1.875
azwardfauzan,2.66,-1.82,10.89,83.0,128.0,17.0,2180.0,359.0,4.0,1.2,0.8,0.33,0.49,0.35,0.38,0.52,0.33,0.28,0.64,Agreeableness,3.5,3.222222222,2.375,3.777777778,3.25
dzakimadhani,5.68,-3.71,17.05,172.0,138.0,717.0,1536.0,413.0,40.0,2.52,1.52,0.44,1.21,0.39,0.77,1.22,0.69,0.66,1.09,Agreeableness,3.8,3.222222222,2.875,4.222222222,2.75
alfrisadivaw,3.35,-1.82,11.43,105.0,110.0,4746.0,1164.0,64.0,4.0,1.52,0.84,0.24,0.81,0.26,0.25,0.83,0.37,0.43,0.56,Openness,3.6,2.666666667,2.5,3.333333333,2.625
idrisg8,4.27,-4.03,17.92,309.0,1355.0,1171.0,20486.0,1636.0,1014.0,2.43,1.53,0.48,0.92,0.48,0.74,1.04,0.64,0.44,1.42,Neuroticsm,3.3,3.333333333,2.25,4.111111111,4.375
arangkecap,5.0,-4.11,19.63,107.0,158.0,189.0,2583.0,40.0,313.0,2.38,1.73,0.6,1.02,0.55,0.94,1.12,0.7,0.6,1.24,Openness,4.5,3.888888889,3.5,3.333333333,2.5
yuuta__96,3.12,-2.61,12.91,665.0,569.0,2019.0,39201.0,1320.0,556.0,2.31,0.89,0.26,1.17,0.28,0.32,1.21,0.39,0.86,0.8,Agreeableness,3.5,2.222222222,2.375,3.555555556,3.25
chandnidevi,4.56,-2.21,17.87,568.0,511.0,22466.0,127479.0,436.0,3556.0,2.41,1.03,0.27,1.21,0.18,0.4,1.26,0.39,0.49,1.0,Neuroticsm,3.2,3.333333333,2.875,3.333333333,4.125
pocagurii,4.38,-4.47,16.12,188.0,260.0,5658.0,8846.0,396.0,206.0,2.54,1.92,0.66,1.14,0.68,0.92,1.3,0.87,0.73,1.06,Openness,4.2,2.888888889,3.5,3.888888889,3.625
ysyni,6.26,-5.78,17.87,259.0,586.0,1919.0,10867.0,390.0,1277.0,2.49,2.28,0.64,1.12,0.58,0.83,1.03,0.98,0.28,1.57,Openness,4.0,3.555555556,3.125,3.888888889,2.5
yudkuswar,4.12,-2.9,13.14,279.0,351.0,6827.0,30363.0,715.0,506.0,2.27,1.17,0.35,1.07,0.32,0.54,1.08,0.6,0.86,0.82,Agreeableness,3.2,3.111111111,2.875,3.555555556,3.25
joabaldo,5.0,-3.27,16.63,225.0,103.0,637.0,16065.0,351.0,1205.0,2.44,1.81,0.76,1.24,0.38,0.59,0.94,0.56,0.36,1.68,Agreeableness,3.3,3.666666667,3.375,4.444444444,1.25
pujaypujilpuu,2.84,-2.66,10.39,419.0,133.0,11347.0,9690.0,54.0,1438.0,1.96,1.15,0.24,0.56,0.41,0.26,0.6,0.36,0.24,1.2,Agreeableness,3.4,3.333333333,3.375,4.111111111,3.0
maulanariandi,4.24,-3.47,21.53,535.0,745.0,322.0,44313.0,1700.0,221.0,2.48,1.54,0.58,1.31,0.44,0.76,1.07,0.65,0.58,1.38,Openness,3.7,3.333333333,3.625,3.666666667,2.875
vnyriany,5.48,-3.38,16.6,392.0,332.0,9880.0,5419.0,653.0,502.0,2.75,1.29,0.48,1.19,0.36,0.61,1.38,0.62,0.59,1.42,Openness,4.0,3.555555556,3.625,3.666666667,1.875
awwlltl,3.51,-2.04,18.71,336.0,426.0,784.0,7014.0,445.0,840.0,2.08,1.14,0.23,0.81,0.19,0.43,0.75,0.37,0.41,0.99,Neuroticsm,3.3,2.666666667,3.0,3.555555556,3.875
anakyangtangkas,4.77,-2.41,16.23,494.0,649.0,26546.0,19585.0,250.0,872.0,2.41,1.18,0.32,0.88,0.29,0.53,0.68,0.57,0.3,1.47,Agreeableness,3.4,3.222222222,3.0,4.111111111,2.5
nisable23,3.52,-1.24,9.82,245.0,605.0,4580.0,6649.0,2557.0,100.0,1.1,0.58,0.26,0.55,0.16,0.24,0.7,0.26,0.16,0.63,Neuroticsm,3.8,3.111111111,2.25,3.777777778,4.75
akuuuberuang,5.32,-4.38,18.7,93.0,175.0,19435.0,2900.0,522.0,2717.0,2.51,1.87,0.55,1.21,0.44,0.96,1.01,0.63,0.53,1.41,Openness,4.3,2.777777778,3.5,3.111111111,3.25
kokocrvnch,5.84,-4.4,21.86,345.0,847.0,3270.0,21538.0,405.0,451.0,2.62,1.98,0.71,1.32,0.55,0.86,1.02,0.89,0.5,1.34,Openness,4.8,4.444444444,2.75,3.555555556,3.75
fia_lutfiazhari,5.67,-4.07,16.96,659.0,312.0,5285.0,26062.0,395.0,595.0,2.84,1.54,0.32,1.19,0.29,0.51,1.26,0.71,0.58,1.44,Agreeableness,4.1,3.666666667,3.375,4.555555556,2.75
marisahafsyah94,4.62,-2.57,13.72,565.0,461.0,959.0,14772.0,1963.0,226.0,1.91,1.04,0.42,0.93,0.29,0.5,1.04,0.45,0.35,0.91,Agreeableness,3.7,3.888888889,4.375,4.444444444,1.125
oziechonky,4.77,-3.64,17.6,203.0,341.0,849.0,4957.0,705.0,284.0,2.97,1.38,0.52,1.02,0.32,0.71,1.05,0.56,0.35,2.06,Openness,4.5,4.222222222,4.375,3.555555556,2.25
rzqmentari,5.9,-3.89,15.83,443.0,429.0,1114.0,15174.0,1195.0,89.0,2.49,1.52,0.53,1.19,0.37,0.73,1.17,0.55,0.51,1.34,Agreeableness,3.8,3.333333333,3.0,4.222222222,3.875
introperti,5.98,-4.32,17.63,382.0,124.0,355.0,9070.0,1144.0,197.0,2.76,1.67,0.43,1.28,0.37,0.74,1.27,0.72,0.58,1.28,Agreeableness,3.2,3.222222222,1.875,3.555555556,3.25
lerinarin,3.91,-3.5,18.63,538.0,464.0,4293.0,69980.0,1888.0,617.0,2.17,1.4,0.49,0.99,0.37,0.63,1.0,0.67,0.47,1.06,Openness,3.5,2.444444444,2.25,3.444444444,3.0
imadamii,4.38,-2.6,13.72,264.0,323.0,682.0,2835.0,420.0,39.0,2.49,1.07,0.24,1.17,0.26,0.39,1.18,0.48,0.62,1.33,Openness,4.2,3.0,3.0,4.111111111,2.5
g1tsy,6.03,-5.33,17.07,87.0,201.0,216.0,3130.0,853.0,779.0,2.97,2.04,0.68,1.09,0.49,0.91,1.18,0.71,0.54,1.6,Neuroticsm,2.6,1.777777778,2.0,2.888888889,4.375
kerakteloorr,5.14,-5.71,19.63,469.0,509.0,14110.0,54338.0,2207.0,1637.0,3.07,2.07,0.58,1.24,0.53,0.85,1.38,0.68,0.59,1.7,Openness,5.0,3.333333333,3.75,3.444444444,4.625
dellapj_,4.36,-3.01,16.74,776.0,477.0,456.0,26969.0,314.0,129.0,2.64,1.26,0.42,1.12,0.33,0.53,1.32,0.53,0.68,1.32,Openness,4.3,3.888888889,3.625,4.222222222,3.625
adlfynf,5.57,-3.02,17.04,311.0,260.0,330.0,16634.0,1049.0,904.0,2.4,1.41,0.45,1.21,0.35,0.67,1.23,0.45,0.65,1.1,Agreeableness,3.3,3.666666667,2.5,3.666666667,3.0
erisyaeris,3.6,-2.91,17.13,398.0,282.0,464.0,19397.0,760.0,2511.0,2.78,1.26,0.32,1.26,0.27,0.64,1.24,0.52,0.79,1.2,Conscientiousness,3.7,3.777777778,3.375,3.666666667,3.5
miftahulilma10,5.06,-4.24,15.84,239.0,265.0,335.0,1906.0,315.0,289.0,2.43,1.74,0.47,1.18,0.54,0.64,1.17,0.7,0.59,1.12,Openness,4.0,2.555555556,3.0,3.222222222,3.625
alaaini1,5.06,-4.24,15.84,68.0,155.0,54.0,4044.0,2231.0,397.0,2.43,1.74,0.47,1.18,0.54,0.64,1.17,0.7,0.59,1.12,Openness,3.8,2.888888889,3.25,3.666666667,3.25
ociirosiana,5.05,-4.32,19.8,449.0,308.0,527.0,14817.0,1890.0,146.0,2.88,1.74,0.4,1.25,0.42,0.73,1.19,0.77,0.24,1.63,Conscientiousness,3.5,4.888888889,3.375,3.888888889,1.75
jollajoly,4.42,-3.15,14.48,259.0,310.0,1592.0,10132.0,918.0,171.0,2.4,1.45,0.33,1.41,0.35,0.47,1.32,0.7,0.91,0.94,Agreeableness,3.7,3.333333333,2.5,4.333333333,4.0
vnessapatricia,2.85,-1.14,7.6,409.0,295.0,153.0,10565.0,997.0,13.0,1.3,0.54,0.21,0.56,0.19,0.17,0.78,0.26,0.36,0.76,Conscientiousness,4.4,4.555555556,3.0,4.222222222,3.875
elzr13,4.83,-6.63,22.11,220.0,165.0,854.0,6146.0,924.0,6863.0,2.83,2.42,0.76,1.33,0.68,1.18,1.11,0.88,0.68,2.07,Openness,4.5,2.777777778,3.25,3.888888889,1.875
rarraayu,4.83,-6.63,22.11,369.0,237.0,1773.0,18848.0,785.0,86.0,2.83,2.42,0.76,1.33,0.68,1.18,1.11,0.88,0.68,2.07,Agreeableness,3.7,3.333333333,2.25,3.888888889,2.875
deliahndt,2.88,-1.65,9.43,459.0,298.0,1508.0,34390.0,943.0,26.0,0.89,0.6,0.13,0.45,0.13,0.19,0.5,0.19,0.22,0.28,Neuroticsm,2.9,3.555555556,2.125,3.0,4.25
bananamilxxx,4.76,-4.28,15.74,769.0,257.0,13552.0,79660.0,900.0,166.0,2.29,1.86,0.62,0.98,0.48,0.8,1.01,0.84,0.47,1.3,Neuroticsm,3.5,2.555555556,3.25,3.0,4.0
cipipiw,4.77,-4.23,12.62,298.0,364.0,35534.0,3648.0,333.0,2512.0,2.21,1.44,0.47,1.02,0.42,0.57,1.19,0.58,0.52,0.98,Agreeableness,2.7,3.333333333,2.625,4.555555556,3.125
anggycaa,4.98,-2.18,17.62,419.0,163.0,8949.0,7834.0,676.0,237.0,2.48,1.27,0.37,1.14,0.3,0.52,1.32,0.48,0.46,1.06,Openness,3.9,2.333333333,1.75,2.222222222,3.75
rissaafh,4.6,-2.82,12.01,143.0,101.0,372.0,1244.0,423.0,50.0,2.35,1.1,0.36,0.72,0.3,0.39,0.95,0.45,0.49,1.37,Neuroticsm,3.5,3.666666667,1.0,3.111111111,4.0
nadihng,4.22,-4.74,18.16,322.0,258.0,837.0,28470.0,1207.0,225.0,2.38,2.0,0.46,1.03,0.47,0.61,0.88,0.86,0.35,1.47,Openness,3.6,3.111111111,3.0,3.222222222,2.875
punyauname,6.46,-5.67,20.04,382.0,573.0,621.0,11117.0,1755.0,237.0,3.08,2.18,0.71,1.12,0.67,0.91,1.52,0.74,0.55,1.7,Openness,3.9,2.555555556,2.375,3.222222222,3.625
nggitw,7.0,-4.84,24.97,160.0,298.0,278.0,3831.0,1170.0,60.0,3.36,1.71,0.6,1.41,0.51,0.88,1.46,0.69,0.51,1.89,Openness,3.4,2.777777778,2.75,2.777777778,3.125
destandriyani,3.03,-1.39,13.3,2434.0,532.0,39077.0,147785.0,1264.0,5797.0,1.64,0.88,0.36,0.79,0.15,0.34,0.84,0.3,0.54,0.74,Agreeableness,3.5,2.777777778,3.25,4.333333333,2.875
saccharinande,5.61,-3.65,22.25,197.0,378.0,1442.0,3760.0,563.0,41.0,3.22,1.5,0.51,1.4,0.38,0.78,1.58,0.74,0.43,1.77,Openness,3.7,2.777777778,3.375,3.666666667,2.25
sora_alxean,6.76,-2.69,14.05,143.0,213.0,794.0,22393.0,401.0,721.0,2.5,1.46,0.51,1.08,0.49,0.74,1.13,0.56,0.61,1.25,Openness,5.2,3.666666667,2.625,4.111111111,3.375
kepikbesar,5.66,-4.41,18.74,277.0,218.0,480.0,6163.0,1088.0,3242.0,2.67,1.99,0.59,1.31,0.53,0.78,1.38,0.78,0.6,1.3,Openness,4.2,4.111111111,2.125,3.444444444,2.875
rafitaasr,6.04,-5.68,21.09,369.0,119.0,223.0,17083.0,1783.0,226.0,3.12,2.24,0.74,1.21,0.63,1.05,1.37,0.78,0.47,1.62,Openness,4.0,3.888888889,3.375,3.555555556,3.0
i_frankenstein,3.36,-3.57,19.02,440.0,331.0,88.0,13539.0,612.0,287.0,2.54,1.49,0.5,1.1,0.48,0.73,1.06,0.64,0.42,1.45,Openness,5.1,3.444444444,2.875,4.444444444,2.0
alaniafitri,5.7,-4.02,17.4,290.0,263.0,658.0,5526.0,557.0,42.0,2.72,1.6,0.58,1.42,0.46,0.75,1.36,0.64,0.82,1.33,Agreeableness,4.2,3.888888889,2.625,4.333333333,3.0
yokozka,5.07,-2.78,18.34,207.0,179.0,1460.0,7565.0,673.0,653.0,2.78,1.22,0.33,1.09,0.36,0.52,1.28,0.44,0.35,1.52,Openness,4.4,3.0,2.25,3.666666667,2.875
bukandove,5.07,-2.78,18.34,52.0,97.0,3518.0,2009.0,794.0,55.0,2.78,1.22,0.33,1.09,0.36,0.52,1.28,0.44,0.35,1.52,Extroversion,3.2,3.666666667,4.0,3.888888889,3.625
silmiotmiot,5.07,-2.78,18.34,341.0,251.0,369.0,18145.0,587.0,18.0,2.78,1.22,0.33,1.09,0.36,0.52,1.28,0.44,0.35,1.52,Neuroticsm,3.6,2.444444444,3.5,3.555555556,4.5
metinaayu_,5.07,-2.78,18.34,1163.0,496.0,1408.0,7005.0,915.0,330.0,2.78,1.22,0.33,1.09,0.36,0.52,1.28,0.44,0.35,1.52,Openness,4.4,2.666666667,3.75,4.111111111,2.125
elidoff,5.81,-4.41,22.29,219.0,305.0,2850.0,9254.0,1364.0,1357.0,3.09,1.75,0.57,1.21,0.45,0.9,1.36,0.71,0.43,1.81,Openness,4.9,2.777777778,3.125,3.222222222,3.5
denokdhena,6.04,-4.33,17.99,486.0,631.0,1470.0,50846.0,2144.0,56.0,3.01,1.67,0.58,1.28,0.43,0.89,1.4,0.64,0.64,1.54,Agreeableness,3.0,3.444444444,3.25,3.777777778,2.375
dheaniranabila,7.07,-2.89,17.11,645.0,426.0,1426.0,12464.0,415.0,553.0,3.32,1.35,0.32,1.31,0.33,0.59,1.59,0.48,0.57,1.63,Neuroticsm,4.1,3.666666667,2.375,4.222222222,4.25
ki_cuu,3.17,-1.71,11.03,208.0,137.0,129.0,11993.0,360.0,2381.0,1.95,0.72,0.13,0.56,0.13,0.25,0.71,0.26,0.2,1.19,Agreeableness,3.5,2.222222222,2.875,3.555555556,2.625
v3isvthree,6.15,-4.65,21.44,850.0,897.0,4372.0,46660.0,2161.0,342.0,3.23,1.91,0.45,1.1,0.38,0.71,1.32,0.81,0.4,2.08,Neuroticsm,3.0,2.555555556,2.875,3.222222222,3.5
heyhestyy,4.39,-3.06,14.75,669.0,279.0,1157.0,48816.0,797.0,104.0,1.81,1.26,0.31,0.81,0.28,0.52,0.87,0.57,0.38,0.83,Openness,4.4,3.222222222,4.125,4.333333333,3.0
timutiimuti,1.99,-1.45,10.54,482.0,418.0,202.0,14566.0,121.0,340.0,1.94,0.61,0.14,1.25,0.17,0.26,1.24,0.24,1.01,0.62,Agreeableness,4.0,3.777777778,3.125,4.111111111,2.125
rvghalif,4.32,-4.7,19.84,328.0,147.0,102.0,5153.0,666.0,333.0,2.3,1.83,0.58,1.18,0.56,0.94,1.08,0.74,0.48,1.34,Openness,3.5,3.333333333,1.625,3.333333333,2.5
trisawardanis,7.06,-3.06,17.21,237.0,204.0,5554.0,3750.0,467.0,686.0,3.04,1.45,0.61,1.36,0.35,0.55,1.54,0.48,0.39,1.72,Agreeableness,3.8,4.0,2.5,4.333333333,2.875
zyoslin,5.04,-3.08,15.66,124.0,136.0,538.0,3942.0,780.0,670.0,2.94,1.48,0.38,1.14,0.37,0.66,1.36,0.53,0.79,1.34,Neuroticsm,3.9,2.555555556,2.625,3.888888889,4.125
munawaroh_mona,5.08,-3.45,15.44,1379.0,1287.0,524.0,12232.0,863.0,74.0,2.4,1.45,0.49,1.03,0.36,0.54,1.01,0.63,0.23,2.04,Agreeableness,2.5,3.555555556,3.0,3.888888889,2.125
febbyjulietta,6.68,-5.24,17.14,29.0,121.0,370.0,3270.0,1984.0,131.0,2.52,2.29,0.74,1.36,0.6,0.98,1.36,0.98,0.47,1.46,Agreeableness,3.8,3.777777778,2.125,4.333333333,4.25
hkawilarangg,4.33,-2.55,12.51,653.0,529.0,989.0,11455.0,793.0,451.0,2.49,1.12,0.48,1.1,0.34,0.6,1.17,0.5,0.77,1.08,Extroversion,2.8,3.333333333,3.5,2.888888889,1.875
mellahae,6.01,-1.76,15.9,325.0,187.0,19047.0,49375.0,3016.0,9.0,1.86,0.95,0.5,0.88,0.43,0.57,0.98,0.42,0.32,1.1,Conscientiousness,4.2,4.666666667,4.125,4.555555556,2.0
ptorianns,5.72,-3.23,16.5,44.0,317.0,5242.0,1216.0,420.0,210.0,2.53,1.71,0.67,1.21,0.4,0.61,1.2,0.64,0.49,1.4,Agreeableness,4.0,3.222222222,2.875,4.333333333,3.375
a2lir,4.33,-4.08,19.0,88.0,208.0,927.0,6072.0,656.0,180.0,2.54,1.88,0.54,1.01,0.43,0.75,1.26,0.87,0.63,1.3,Openness,4.5,3.0,4.25,4.111111111,2.375
lilstep95,6.56,-4.88,23.34,2010.0,201.0,1085.0,6477.0,1722.0,461.0,3.08,1.95,0.62,1.36,0.57,0.87,1.58,0.84,0.54,1.55,Neuroticsm,3.3,3.111111111,2.625,2.666666667,3.625
oneperson01_,4.95,-2.11,15.94,181.0,472.0,59330.0,7896.0,2361.0,170.0,1.8,1.05,0.46,0.79,0.31,0.48,0.9,0.49,0.36,0.82,Agreeableness,3.1,3.0,2.75,4.333333333,2.75
nurulainiii,4.87,-3.08,14.35,926.0,290.0,646.0,33285.0,1779.0,172.0,2.01,1.31,0.34,0.71,0.26,0.55,0.98,0.59,0.34,1.06,Neuroticsm,3.5,3.333333333,2.125,3.555555556,3.75
diniheryani,5.93,-4.11,16.59,504.0,271.0,135.0,27481.0,898.0,26.0,2.77,1.55,0.48,1.13,0.42,0.7,1.21,0.7,0.46,1.52,Agreeableness,3.2,3.444444444,3.0,3.666666667,2.875
apdesti_,3.94,-3.98,16.55,114.0,160.0,1431.0,4295.0,317.0,956.0,2.02,1.67,0.46,1.22,0.36,0.69,0.92,0.65,0.58,0.84,Conscientiousness,3.7,4.333333333,3.5,3.555555556,2.875
rahmatfathoni,4.2,-2.58,12.24,234.0,261.0,4.0,4238.0,14.0,4.0,2.12,0.76,0.25,0.88,0.23,0.36,0.99,0.34,0.47,0.98,Neuroticsm,3.4,2.444444444,1.625,3.444444444,3.875
nadiadjibran,6.19,-4.69,18.78,718.0,360.0,608.0,18990.0,648.0,281.0,2.73,2.19,0.79,1.58,0.64,1.03,1.41,0.81,0.57,1.46,Neuroticsm,3.2,2.333333333,2.5,3.555555556,4.125
tiaraindhprmt,4.21,-2.06,11.24,182.0,173.0,107.0,5351.0,494.0,18.0,2.21,0.81,0.2,0.74,0.22,0.27,0.96,0.39,0.57,1.17,Openness,3.9,3.0,2.5,3.222222222,2.75
inkafbrn,6.37,-4.89,16.78,2046.0,547.0,725.0,76355.0,2403.0,34.0,3.1,2.26,0.75,1.37,0.46,1.01,1.51,0.7,0.68,1.5,Conscientiousness,4.4,4.444444444,4.25,4.0,2.75
ervhans,4.13,-3.31,15.94,78.0,771.0,206.0,2105.0,876.0,59.0,2.07,1.37,0.39,1.03,0.44,0.55,0.82,0.66,0.47,1.26,Agreeableness,3.5,2.888888889,3.25,3.555555556,3.0
andiniayu,4.58,-2.49,18.91,292.0,502.0,920.0,6224.0,161.0,126.0,2.48,1.12,0.22,1.1,0.32,0.39,1.16,0.55,0.57,1.04,Openness,5.0,3.888888889,3.25,4.555555556,2.125
emanggemeshin,5.9,-4.53,16.63,105.0,158.0,3935.0,1968.0,629.0,226.0,2.86,1.74,0.58,1.31,0.5,0.71,1.28,0.74,0.63,1.35,Openness,4.9,3.777777778,3.5,4.444444444,3.375
ejakulasi_,2.8,-2.34,14.65,5385.0,480.0,4410.0,58610.0,772.0,3995.0,1.91,1.47,0.65,0.62,0.61,0.81,0.75,0.67,0.36,1.0,Openness,3.5,2.555555556,2.25,3.0,3.125
ariefpopoh,6.37,-3.72,18.7,165.0,203.0,158.0,6026.0,874.0,231.0,2.42,1.56,0.51,1.17,0.41,0.64,1.06,0.67,0.4,1.25,Openness,3.9,3.888888889,2.875,3.444444444,2.5
gramelt,5.23,-3.34,16.18,369.0,320.0,1487.0,25421.0,544.0,283.0,2.79,1.44,0.41,1.23,0.32,0.54,1.24,0.59,0.58,1.53,Agreeableness,4.0,3.111111111,3.0,4.111111111,2.625
gebiyaeputri,5.59,-2.94,13.61,240.0,223.0,553.0,3188.0,665.0,160.0,2.59,1.2,0.42,1.08,0.33,0.5,1.02,0.45,0.43,1.52,Agreeableness,3.5,2.888888889,3.25,3.777777778,3.0
astrifaj,4.8,-3.64,16.08,500.0,249.0,266.0,9383.0,750.0,124.0,2.54,1.4,0.27,0.97,0.24,0.44,0.91,0.62,0.39,1.46,Agreeableness,2.9,3.333333333,3.5,4.444444444,2.875
alitapuspa_,4.56,-1.5,13.87,89.0,224.0,559.0,2092.0,574.0,257.0,2.47,0.84,0.23,1.1,0.12,0.35,1.21,0.31,0.79,0.88,Openness,3.7,2.888888889,3.25,2.777777778,3.625
fitrisip,4.99,-3.54,15.16,262.0,158.0,111.0,10214.0,289.0,51.0,2.49,1.52,0.21,1.24,0.23,0.49,1.03,0.59,0.34,1.08,Conscientiousness,3.4,3.666666667,2.75,3.333333333,2.75
yusrinasmarani,5.62,-3.67,13.67,451.0,289.0,311.0,19578.0,87.0,83.0,2.49,1.47,0.29,1.19,0.41,0.42,1.44,0.74,0.48,1.03,Agreeableness,3.3,3.333333333,3.875,4.444444444,3.625
fridamayanti,4.62,-5.06,13.79,82.0,128.0,186.0,5293.0,2412.0,32.0,2.26,1.8,0.33,0.96,0.46,0.62,0.8,0.77,0.57,0.91,Neuroticsm,3.4,2.888888889,2.875,3.222222222,4.5
abdee,3.02,-2.19,16.62,141.0,7.0,0.0,2391.0,15.0,85.0,1.61,0.89,0.37,0.54,0.28,0.86,0.5,0.46,0.21,1.24,Agreeableness,3.5,3.666666667,3.5,4.555555556,2.5
almostbeyours,4.6,-4.26,15.06,558.0,829.0,5641.0,20510.0,1399.0,826.0,2.33,1.51,0.36,1.06,0.4,0.52,1.06,0.66,0.5,1.25,Agreeableness,3.1,3.666666667,3.25,4.222222222,4.125
ursnflwr_,2.74,-2.57,12.5,455.0,459.0,56.0,5106.0,933.0,623.0,2.13,0.93,0.29,0.7,0.27,0.34,0.76,0.43,0.53,1.01,Openness,4.7,3.555555556,2.125,4.0,4.25
novitakurniap,3.67,-3.79,13.36,424.0,290.0,1022.0,13021.0,659.0,190.0,2.1,1.37,0.22,1.22,0.18,0.42,0.99,0.52,0.58,0.83,Agreeableness,3.6,3.555555556,3.0,3.888888889,2.875
alfinalfinn,2.21,-1.61,6.51,91.0,305.0,18735.0,5748.0,839.0,684.0,1.12,0.72,0.3,0.56,0.29,0.38,0.62,0.37,0.52,0.36,Openness,3.7,3.333333333,3.375,3.333333333,3.125
januarrmdhn,3.91,-1.68,12.33,482.0,223.0,6460.0,21402.0,412.0,796.0,2.48,0.9,0.3,0.85,0.19,0.31,0.88,0.33,0.37,1.28,Agreeableness,3.4,3.555555556,3.375,4.111111111,2.625
dwidys_,3.46,-1.63,12.06,189.0,125.0,275.0,2837.0,787.0,67.0,1.96,0.72,0.24,0.91,0.16,0.25,0.96,0.27,0.43,0.92,Openness,4.3,3.222222222,2.375,3.666666667,3.0
liayurh_,3.71,-2.31,10.55,1017.0,442.0,418.0,17545.0,1656.0,217.0,1.66,0.88,0.13,0.64,0.13,0.2,0.83,0.38,0.17,0.88,Agreeableness,3.6,3.777777778,2.375,4.333333333,2.75
isnakhairi,3.32,-2.54,13.68,260.0,354.0,9917.0,8075.0,83.0,2720.0,2.35,1.1,0.29,0.99,0.22,0.46,1.07,0.48,0.6,1.13,Openness,4.2,3.0,3.125,3.666666667,2.5
agus_trianto,5.06,-3.51,12.78,351.0,292.0,184.0,17485.0,781.0,61.0,2.1,1.41,0.35,0.68,0.61,0.46,1.03,0.83,0.59,0.97,Openness,3.8,2.666666667,2.875,3.0,3.375
iyaininajau,4.49,-2.83,11.22,266.0,110.0,11076.0,3304.0,375.0,293.0,2.06,1.19,0.37,1.03,0.25,0.41,1.12,0.44,0.74,0.79,Openness,4.2,2.555555556,1.625,3.888888889,4.125
rotiisicoklat,4.39,-3.82,12.71,1157.0,308.0,566.0,62740.0,2148.0,150.0,2.29,1.46,0.45,0.81,0.35,0.52,1.0,0.62,0.43,1.09,Neuroticsm,3.3,3.111111111,2.5,4.0,4.25
ovilsp,5.12,-4.33,14.68,250.0,207.0,140.0,14374.0,444.0,15.0,2.0,1.75,0.36,1.07,0.25,0.56,0.97,0.6,0.57,0.74,Neuroticsm,3.5,2.333333333,2.75,3.777777778,4.0
virraaa_,4.11,-2.98,17.09,921.0,215.0,2550.0,31490.0,298.0,1682.0,2.25,1.35,0.31,1.16,0.24,0.41,1.02,0.49,0.61,0.95,Openness,3.6,3.555555556,2.375,2.888888889,3.125
baksopangsitnya,4.01,-2.86,13.18,104.0,176.0,2798.0,2562.0,1152.0,131.0,2.29,1.37,0.44,0.73,0.25,0.43,0.73,0.58,0.31,1.25,Openness,4.5,3.555555556,2.875,3.888888889,3.875
nanasambara,3.21,-1.6,12.91,58.0,163.0,1312.0,660.0,224.0,47.0,2.35,0.64,0.15,0.84,0.15,0.23,0.76,0.31,0.18,1.3,Openness,3.8,3.333333333,3.25,3.666666667,2.75
liawrdhani,4.18,-5.71,16.54,214.0,111.0,247.0,14561.0,1799.0,163.0,2.39,2.17,0.37,1.27,0.41,0.87,1.0,0.8,0.56,1.1,Neuroticsm,3.1,2.888888889,2.5,2.444444444,5.0
adinnda_ekhaa,9.3,-6.03,15.08,1374.0,97.0,1367.0,27040.0,67.0,4551.0,2.54,2.36,0.67,1.25,0.56,0.85,1.15,1.14,0.32,1.4,Agreeableness,3.6,3.0,3.125,3.888888889,3.875
puteriroro,3.24,-2.67,14.02,301.0,177.0,3034.0,14544.0,510.0,432.0,2.42,1.14,0.27,0.72,0.22,0.34,0.74,0.49,0.24,1.5,Openness,4.0,3.555555556,3.125,2.777777778,3.25
tahtaallfina,6.52,-3.04,18.8,396.0,304.0,423.0,8393.0,686.0,560.0,3.03,1.56,0.46,1.39,0.35,0.63,1.59,0.67,0.52,1.39,Conscientiousness,4.2,4.333333333,3.875,3.222222222,3.5
meniaclosia,7.21,-3.65,19.21,320.0,301.0,1072.0,8892.0,685.0,727.0,2.8,1.86,0.75,1.28,0.44,0.78,1.31,0.63,0.62,1.42,Conscientiousness,3.7,4.222222222,2.625,3.333333333,2.5
adityandr,2.74,-1.32,9.76,207.0,245.0,410.0,1761.0,445.0,25.0,1.72,0.56,0.18,0.45,0.11,0.19,0.55,0.23,0.21,1.09,Agreeableness,3.0,4.111111111,1.875,4.333333333,3.75
yulfaariza,3.92,-3.19,15.61,269.0,160.0,162.0,12050.0,747.0,137.0,1.99,1.42,0.45,0.78,0.23,0.47,0.81,0.69,0.49,0.93,Conscientiousness,3.1,3.888888889,2.625,3.777777778,2.625
rohanahrey,5.91,-2.84,15.18,304.0,321.0,2675.0,6416.0,972.0,127.0,2.53,1.1,0.24,1.01,0.26,0.49,1.08,0.54,0.44,1.32,Agreeableness,2.8,4.222222222,3.5,4.222222222,2.625
sekarumn,5.56,-4.07,18.89,494.0,537.0,10428.0,31685.0,973.0,993.0,2.99,1.73,0.45,1.32,0.56,0.71,1.42,0.7,0.94,1.34,Openness,4.7,3.0,2.625,2.777777778,2.875
joeniararief,8.18,-3.04,18.49,6019.0,601.0,1000.0,13010.0,476.0,1038.0,3.22,1.31,0.5,1.3,0.38,0.62,1.64,0.58,0.49,1.85,Agreeableness,4.0,3.0,3.5,4.333333333,2.625
linggaralfi,2.75,-2.56,13.16,575.0,354.0,4524.0,37881.0,500.0,343.0,2.11,1.02,0.21,1.03,0.27,0.4,1.05,0.39,0.63,1.16,Openness,3.7,2.777777778,3.0,3.666666667,3.0
fhrz99,6.39,-3.95,17.92,94.0,150.0,2578.0,621.0,251.0,152.0,2.7,1.76,0.53,1.19,0.41,0.56,1.03,0.64,0.48,1.24,Neuroticsm,3.8,2.888888889,3.125,3.666666667,4.5
iphune,4.22,-2.92,17.64,2967.0,427.0,275.0,74424.0,556.0,129.0,2.4,1.25,0.4,1.09,0.29,0.5,1.19,0.64,0.43,1.27,Openness,4.5,2.888888889,3.0,4.444444444,3.875
vanillasvgar,2.58,-2.92,12.05,871.0,47.0,927.0,50599.0,212.0,38.0,2.21,1.08,0.16,1.38,0.23,0.34,1.17,0.52,0.92,0.79,Openness,4.3,4.222222222,2.75,3.444444444,3.5
kodelle_,6.31,-3.69,14.66,784.0,301.0,922.0,7508.0,676.0,773.0,2.72,1.48,0.42,1.52,0.38,0.68,1.5,0.65,0.82,1.12,Neuroticsm,3.5,3.111111111,3.25,3.666666667,3.75
strybycy,3.71,-2.73,11.43,86.0,310.0,3412.0,6956.0,935.0,175.0,2.12,1.2,0.31,0.89,0.23,0.48,1.09,0.52,0.47,1.16,Agreeableness,3.6,3.333333333,2.875,3.777777778,3.0
phoebee_ip,7.65,-4.86,16.58,248.0,74.0,61.0,10035.0,1882.0,191.0,2.57,2.04,0.6,1.16,0.6,0.88,1.14,0.96,0.46,1.17,Openness,4.4,3.0,2.0,3.666666667,3.25
kalisnakal,4.22,-2.68,14.05,697.0,443.0,1.0,28967.0,745.0,188.0,2.02,1.42,0.31,1.1,0.22,0.48,0.99,0.48,0.65,0.87,Openness,4.6,3.111111111,3.75,4.333333333,4.5
hlutami,5.64,-2.61,13.75,368.0,393.0,660.0,5943.0,1541.0,183.0,2.77,1.33,0.42,1.18,0.24,0.43,1.3,0.47,0.69,1.23,Openness,4.2,3.0,3.5,3.777777778,3.5
r_fiika,5.27,-4.33,19.03,220.0,141.0,1537.0,13247.0,663.0,239.0,2.62,1.89,0.46,1.21,0.45,0.74,1.1,0.78,0.61,1.28,Agreeableness,3.6,3.444444444,2.25,3.666666667,2.25
hidadahida,2.52,-2.13,11.23,244.0,272.0,191.0,1679.0,480.0,15.0,1.18,0.87,0.28,0.48,0.2,0.32,0.55,0.31,0.43,0.51,Openness,4.3,4.222222222,2.5,4.0,3.375
rpdelimaa,5.13,-3.27,17.45,267.0,274.0,356.0,39614.0,503.0,220.0,2.58,1.55,0.34,1.34,0.28,0.5,1.25,0.63,0.59,0.94,Agreeableness,3.8,4.111111111,4.0,4.333333333,2.0
iffamee,6.42,-6.38,15.49,590.0,584.0,366.0,11921.0,1130.0,205.0,2.57,2.06,0.57,1.26,0.53,0.9,1.24,0.8,0.45,1.33,Agreeableness,3.3,2.888888889,3.25,3.777777778,3.375
lulufrdni,2.67,-2.8,11.88,931.0,565.0,216.0,60794.0,143.0,66.0,1.5,1.18,0.28,0.81,0.28,0.42,0.86,0.55,0.39,0.72,Extroversion,2.8,4.0,4.0,4.0,3.25
adamumemo,4.88,-3.54,15.72,403.0,391.0,13327.0,21766.0,2167.0,572.0,2.95,1.88,0.61,1.3,0.6,1.07,1.28,0.62,0.92,1.4,Neuroticsm,4.0,3.111111111,2.0,3.444444444,4.375
rizka_christian,5.61,-2.75,13.22,1956.0,58.0,86.0,88611.0,407.0,2338.0,2.41,1.11,0.22,1.08,0.34,0.52,1.36,0.59,0.83,0.94,Neuroticsm,2.7,2.888888889,2.75,3.0,3.75
okyranda,5.26,-3.01,16.86,419.0,540.0,178.0,9900.0,1624.0,213.0,2.75,1.25,0.32,0.92,0.29,0.48,1.12,0.53,0.41,1.7,Openness,4.2,4.0,2.75,3.888888889,3.25
benrskbyg,3.07,-1.93,12.35,23.0,28.0,967.0,2217.0,1211.0,2029.0,1.97,0.78,0.22,0.63,0.25,0.26,0.59,0.32,0.45,1.23,Agreeableness,3.5,2.555555556,2.625,3.555555556,3.125
rahmanizar_,3.96,-1.24,9.13,270.0,232.0,2224.0,647.0,220.0,17.0,1.65,0.59,0.22,0.46,0.17,0.13,0.84,0.23,0.19,0.94,Openness,3.7,3.111111111,1.5,2.777777778,3.625
evaxevi,3.32,-2.34,10.77,444.0,269.0,1594.0,9118.0,313.0,428.0,2.11,0.91,0.25,0.86,0.19,0.32,0.89,0.3,0.37,1.06,Openness,4.7,3.888888889,4.25,3.888888889,2.125
bettyindahr,3.84,-3.1,13.04,31.0,194.0,982.0,3771.0,843.0,73.0,2.13,1.27,0.29,1.48,0.25,0.52,1.3,0.55,0.8,0.75,Conscientiousness,3.3,4.111111111,2.5,3.777777778,3.5
micinsassae,3.52,-3.37,13.04,214.0,165.0,1361.0,4705.0,734.0,421.0,1.92,1.4,0.31,0.8,0.2,0.5,0.62,0.5,0.39,1.19,Openness,3.7,3.555555556,3.125,3.0,3.5
indahastikas,3.6,-3.49,15.27,316.0,246.0,291.0,24373.0,356.0,201.0,2.17,1.25,0.2,0.9,0.19,0.46,0.85,0.48,0.35,1.05,Openness,3.8,3.222222222,3.5,3.777777778,3.375
selftalker,7.03,-6.15,19.7,272.0,191.0,741.0,13561.0,524.0,768.0,3.02,2.26,0.64,1.49,0.6,0.93,1.38,0.96,0.39,1.58,Openness,3.8,3.0,3.125,2.666666667,3.25
ussiiyy,4.58,-2.4,16.0,1456.0,583.0,20749.0,170117.0,853.0,248.0,2.28,1.38,0.37,1.01,0.23,0.5,1.05,0.49,0.52,1.35,Conscientiousness,3.8,4.222222222,3.625,3.444444444,2.625
abcdenjiii,3.0,-1.96,12.7,225.0,216.0,604.0,8913.0,770.0,162.0,2.08,0.88,0.26,0.82,0.14,0.34,1.01,0.34,0.68,0.91,Openness,3.6,2.888888889,3.0,3.555555556,2.875
ath_tobe,3.15,-4.01,14.29,25.0,82.0,129.0,506.0,12.0,114.0,2.06,1.32,0.4,1.14,0.32,0.56,0.96,0.52,0.23,1.05,Neuroticsm,3.1,3.555555556,1.75,2.777777778,4.0
ekahanda,3.62,-3.28,16.15,531.0,822.0,312.0,30496.0,691.0,27.0,2.72,1.1,0.24,1.08,0.2,0.4,1.02,0.42,0.32,1.45,Neuroticsm,3.2,2.666666667,3.0,2.888888889,3.75
puten_hijau,4.01,-2.58,12.25,301.0,346.0,1398.0,2924.0,456.0,302.0,1.96,1.11,0.28,0.58,0.3,0.35,0.84,0.5,0.49,1.06,Agreeableness,3.6,3.777777778,2.5,3.777777778,2.375
naddyadw,4.84,-2.64,13.52,410.0,385.0,296.0,13028.0,1170.0,82.0,2.34,1.17,0.48,1.5,0.3,0.52,1.44,0.44,0.9,0.85,Agreeableness,3.7,3.222222222,3.125,3.888888889,2.125
riskaadesuryani,3.9,-3.33,13.0,1424.0,877.0,7214.0,35122.0,1869.0,121.0,2.04,1.3,0.38,1.18,0.32,0.52,0.8,0.53,0.45,0.99,Openness,4.1,3.555555556,2.875,4.0,3.75
wydyudi_,4.66,-4.39,16.68,592.0,164.0,174.0,3687.0,950.0,120.0,2.5,1.71,0.52,1.06,0.46,0.72,0.98,0.8,0.66,1.11,Agreeableness,2.8,3.333333333,2.75,3.888888889,2.875
nysmonworld,4.34,-3.15,15.47,34.0,72.0,1496.0,1846.0,328.0,258.0,2.58,1.45,0.35,1.31,0.43,0.62,1.09,0.61,0.51,1.3,Openness,4.3,2.444444444,3.0,3.111111111,3.625
afidazkyy,4.3,-3.71,18.66,487.0,263.0,374.0,2547.0,693.0,821.0,2.54,1.41,0.33,1.06,0.31,0.44,0.91,0.64,0.52,1.19,Openness,4.8,3.888888889,3.375,4.222222222,2.5
krisnawah,6.78,-5.59,18.04,24.0,101.0,520.0,1258.0,300.0,686.0,2.72,2.16,0.83,1.45,0.68,1.09,1.15,0.84,0.56,1.25,Openness,4.9,3.888888889,3.0,3.666666667,2.5
iqbalpaz,6.2,-4.12,16.58,464.0,457.0,11565.0,14894.0,6.0,1369.0,3.05,1.9,0.37,1.02,0.32,0.83,1.08,0.73,0.56,1.47,Openness,4.1,3.555555556,3.875,3.555555556,1.75
gabriielle_l,3.54,-1.47,11.52,675.0,494.0,362.0,15156.0,800.0,111.0,1.64,0.77,0.28,1.06,0.26,0.24,1.09,0.28,0.56,0.97,Openness,3.8,3.555555556,2.875,3.555555556,2.5
nadyaulfahn,5.04,-3.99,13.08,443.0,605.0,596.0,12032.0,1005.0,1594.0,2.68,1.49,0.6,1.22,0.28,0.51,1.38,0.51,0.74,1.31,Agreeableness,3.7,3.111111111,2.625,4.111111111,2.75
astikhairunnisa,4.16,-2.58,16.08,581.0,477.0,3346.0,34883.0,317.0,733.0,2.52,1.26,0.35,1.19,0.29,0.46,1.36,0.53,0.74,1.1,Extroversion,3.0,2.666666667,3.5,3.444444444,3.5
dwiahkam,3.78,-1.15,11.1,367.0,206.0,104.0,8699.0,362.0,42.0,1.83,0.52,0.13,1.01,0.11,0.18,1.1,0.27,0.34,0.84,Openness,4.2,3.111111111,2.75,3.666666667,2.75
citora_,3.96,-2.06,11.58,85.0,119.0,177.0,899.0,143.0,46.0,2.21,0.96,0.28,1.04,0.23,0.22,1.08,0.41,0.62,0.96,Neuroticsm,4.0,2.888888889,2.5,3.666666667,4.375
tastyducky,4.59,-3.07,12.74,36.0,193.0,2129.0,2514.0,346.0,476.0,2.19,1.31,0.37,0.96,0.32,0.53,1.06,0.62,0.56,0.91,Neuroticsm,3.6,2.444444444,2.375,3.444444444,4.125
ghias_yusuf,5.5,-4.39,17.49,298.0,245.0,283.0,4216.0,427.0,158.0,2.46,1.69,0.66,1.13,0.64,0.68,1.32,0.73,0.85,1.19,Agreeableness,3.5,3.0,3.25,3.777777778,3.0
darna17,4.46,-3.6,18.01,310.0,265.0,173.0,6965.0,583.0,158.0,2.47,1.56,0.31,1.13,0.37,0.59,0.98,0.75,0.51,1.04,Agreeableness,3.5,2.777777778,2.625,4.0,1.875
daranagas,5.38,-4.46,15.99,111.0,350.0,153.0,1658.0,497.0,249.0,2.94,1.79,0.4,1.34,0.42,0.75,1.28,0.69,0.6,1.61,Agreeableness,3.6,2.666666667,2.875,3.777777778,2.875
leoagung98,5.9,-4.74,17.66,112.0,182.0,610.0,1004.0,236.0,228.0,2.85,1.74,0.48,1.29,0.41,0.71,1.02,0.66,0.66,1.61,Openness,3.8,3.666666667,2.625,2.777777778,2.0
alfian_ay,7.04,-4.24,15.24,211.0,214.0,594.0,37957.0,437.0,215.0,3.12,1.39,0.48,1.06,0.4,0.76,1.3,0.5,0.52,1.48,Openness,4.9,3.888888889,2.875,3.0,3.125
canc_ers,2.71,-2.78,9.17,317.0,456.0,942.0,19991.0,885.0,20.0,1.71,1.06,0.3,1.23,0.37,0.53,1.25,0.44,1.04,0.45,Agreeableness,3.0,1.666666667,2.0,3.555555556,2.75
lenoydew,4.43,-4.25,11.47,306.0,160.0,5877.0,15929.0,864.0,335.0,1.46,1.58,0.58,0.83,0.42,0.71,0.61,0.54,0.38,0.65,Neuroticsm,3.1,2.222222222,2.875,3.0,4.375
chyntw_,6.17,-4.73,18.02,822.0,263.0,774.0,54754.0,817.0,1756.0,3.06,2.02,0.46,1.21,0.66,0.76,1.25,0.85,0.58,1.47,Agreeableness,3.0,2.777777778,3.625,3.666666667,3.375
stttopp,3.24,-3.75,14.51,385.0,262.0,798.0,17818.0,1361.0,183.0,2.29,1.7,0.48,1.09,0.37,0.58,1.01,0.78,0.68,0.93,Neuroticsm,3.7,2.888888889,3.125,3.666666667,3.875
siti_sr137,7.87,-7.2,16.36,77.0,285.0,2220.0,1093.0,309.0,2154.0,2.65,2.58,0.75,1.18,0.6,0.82,0.87,1.0,0.54,1.21,Neuroticsm,3.9,3.0,2.25,2.888888889,4.375
savirapu,5.2,-2.68,15.91,505.0,272.0,4093.0,16906.0,740.0,147.0,2.73,1.27,0.43,1.45,0.27,0.54,1.59,0.54,0.94,1.34,Openness,4.0,3.555555556,2.875,3.555555556,2.625
astridvivianni,2.85,-1.4,9.66,132.0,176.0,4944.0,745.0,170.0,34.0,1.8,0.56,0.13,0.79,0.11,0.2,0.88,0.25,0.56,0.89,Agreeableness,3.8,3.222222222,2.125,3.888888889,3.25
firmanoktaf,1.82,-1.01,9.28,56.0,115.0,1541.0,669.0,152.0,12.0,0.82,0.52,0.18,0.22,0.14,0.08,0.28,0.24,0.13,0.42,Openness,4.0,3.777777778,2.25,3.555555556,2.25
gorjesparkle,2.5,-1.99,7.93,345.0,242.0,408.0,1357.0,187.0,14.0,1.23,0.74,0.2,0.53,0.18,0.23,0.49,0.25,0.24,0.66,Agreeableness,3.5,3.777777778,2.75,3.888888889,2.875
jundie_m,3.94,-5.14,15.42,61.0,87.0,3237.0,652.0,216.0,146.0,2.28,2.05,0.64,1.13,0.54,0.84,1.09,0.93,0.62,1.24,Neuroticsm,2.7,1.222222222,4.375,3.666666667,4.875
hasinanr,3.85,-2.31,12.68,344.0,297.0,977.0,6640.0,1119.0,44.0,2.16,0.96,0.2,0.83,0.22,0.37,0.94,0.47,0.49,0.84,Openness,4.0,2.777777778,2.25,3.555555556,3.75
latifanajla__,4.21,-3.67,14.59,107.0,119.0,684.0,1592.0,55.0,140.0,2.2,1.4,0.38,1.04,0.45,0.55,0.99,0.68,0.66,0.84,Openness,4.5,2.333333333,4.0,3.888888889,2.375
dyeah13,5.19,-2.95,13.14,293.0,243.0,2323.0,17535.0,1067.0,75.0,2.55,1.28,0.45,1.13,0.3,0.42,1.32,0.54,0.74,1.15,Openness,4.3,3.444444444,2.875,4.0,2.625
semesta_human,6.16,-5.18,14.57,13.0,70.0,352.0,558.0,194.0,50.0,2.8,1.72,0.5,1.31,0.38,0.65,1.23,0.68,0.48,1.34,Agreeableness,4.2,2.555555556,3.875,4.333333333,3.0
aliencuk,3.12,-2.35,15.45,78.0,50.0,4354.0,2090.0,34.0,1276.0,1.63,1.07,0.34,0.61,0.24,0.47,0.64,0.39,0.28,0.67,Openness,4.6,3.222222222,3.25,3.555555556,2.25
detiaferlian,1.52,-0.84,6.93,825.0,260.0,12.0,3095.0,160.0,52.0,0.81,0.32,0.08,0.22,0.11,0.1,0.35,0.13,0.23,0.49,Neuroticsm,3.4,2.333333333,3.5,2.888888889,3.875
putriyuniardi,4.08,-3.63,12.17,681.0,386.0,1623.0,67782.0,1681.0,89.0,2.02,1.3,0.39,0.95,0.24,0.54,0.96,0.44,0.72,0.81,Neuroticsm,3.4,2.888888889,3.375,3.555555556,4.125
fildzahanais,4.4,-1.99,13.08,148.0,441.0,4774.0,3525.0,489.0,391.0,2.5,0.87,0.22,0.97,0.27,0.33,1.26,0.4,0.49,1.18,Openness,4.5,4.0,3.875,4.111111111,2.5
imfnia,4.86,-2.8,14.75,448.0,382.0,596.0,9199.0,181.0,90.0,2.63,1.07,0.24,0.99,0.26,0.37,1.27,0.42,0.32,1.53,Agreeableness,3.3,3.555555556,2.125,3.777777778,2.375
stephanieayuu,3.16,-3.13,17.29,725.0,123.0,40.0,15563.0,750.0,346.0,2.3,1.38,0.34,0.87,0.44,0.56,0.92,0.59,0.66,0.73,Agreeableness,4.1,3.888888889,3.75,4.222222222,2.25
farahmhdyyh,3.7,-2.03,11.32,96.0,126.0,1307.0,1754.0,383.0,72.0,2.03,0.8,0.2,1.22,0.12,0.26,1.34,0.32,0.98,0.6,Openness,4.2,3.555555556,2.875,3.444444444,3.375
rizkaaulia,2.92,-2.32,10.64,719.0,401.0,668.0,67888.0,628.0,125.0,2.16,0.8,0.13,1.06,0.18,0.24,1.11,0.33,0.79,0.76,Agreeableness,3.2,3.777777778,3.75,4.0,2.5
viragutubela,4.34,-1.56,11.32,218.0,203.0,2777.0,3074.0,112.0,175.0,2.38,0.72,0.25,0.75,0.16,0.35,0.85,0.33,0.24,1.25,Openness,5.1,4.111111111,4.375,4.222222222,2.5
kimsatgat2,4.67,-3.26,14.54,62.0,189.0,37921.0,15132.0,492.0,769.0,2.0,1.8,0.84,0.96,0.71,0.94,1.07,0.87,0.63,0.87,Openness,3.9,2.777777778,3.5,2.666666667,3.75
rizol_rizal,4.28,-1.66,14.46,380.0,645.0,87.0,8771.0,704.0,44.0,2.0,0.88,0.21,1.04,0.2,0.36,0.96,0.4,0.32,0.91,Agreeableness,4.1,3.777777778,3.25,4.222222222,2.75
mautongue,2.1,-1.76,9.9,1197.0,323.0,706.0,51108.0,2291.0,61.0,1.12,0.83,0.2,0.5,0.21,0.28,0.51,0.28,0.26,0.57,Neuroticsm,3.5,2.888888889,3.125,3.222222222,3.5
fanirchm27,5.23,-3.09,14.62,875.0,524.0,193.0,62865.0,1198.0,201.0,2.31,1.44,0.38,1.15,0.29,0.54,1.16,0.67,0.52,1.07,Agreeableness,3.3,3.444444444,2.5,4.111111111,3.875
bojaktempur,5.02,-3.04,11.9,37.0,80.0,309.0,735.0,13.0,396.0,2.4,1.36,0.43,1.13,0.51,0.63,1.32,0.48,0.71,1.18,Neuroticsm,3.8,3.444444444,2.875,3.666666667,4.25
rallyanta,4.7,-3.32,17.66,333.0,308.0,184.0,8323.0,1868.0,131.0,2.77,1.51,0.51,1.35,0.42,0.74,1.15,0.64,0.82,1.24,Openness,4.0,3.555555556,3.375,3.333333333,2.125
dannytandean,2.1,-1.29,10.67,507.0,500.0,3751.0,21698.0,1368.0,101.0,1.85,0.73,0.17,1.14,0.15,0.45,1.1,0.32,1.02,0.61,Openness,4.1,3.888888889,2.125,3.777777778,1.875
yuliawafa,5.14,-3.28,10.55,178.0,116.0,225.0,11809.0,1618.0,194.0,1.99,1.25,0.3,1.07,0.27,0.4,1.2,0.48,0.74,0.64,Agreeableness,4.1,3.555555556,2.5,4.222222222,3.875
zulijanis,8.38,-5.27,18.19,27.0,177.0,10243.0,2220.0,804.0,1292.0,2.94,1.75,0.5,1.2,0.54,0.6,1.18,0.67,0.39,1.84,Openness,3.6,2.333333333,2.75,2.888888889,3.375
haluhaluclubbb,3.45,-1.71,16.6,337.0,484.0,3000.0,24056.0,1171.0,271.0,2.05,0.92,0.2,0.76,0.15,0.32,0.69,0.24,0.44,0.93,Openness,3.3,3.0,2.75,3.111111111,2.875
nauli_permata,2.05,-2.2,11.35,60.0,129.0,76.0,1950.0,214.0,91.0,2.03,0.9,0.21,0.99,0.26,0.3,1.0,0.32,0.76,0.77,Openness,3.6,2.666666667,2.875,3.333333333,3.125
boboxsiang,6.38,-3.65,13.5,0.0,70.0,1711.0,968.0,4.0,109.0,2.03,1.61,0.62,0.9,0.44,0.66,1.01,0.72,0.22,1.24,Openness,3.8,3.333333333,1.75,3.666666667,2.25
erickdidudidu,4.76,-2.78,19.14,1048.0,845.0,3954.0,20106.0,1016.0,643.0,2.49,1.18,0.38,0.98,0.4,0.6,1.22,0.55,0.51,1.18,Extroversion,3.2,3.222222222,3.75,3.555555556,3.375
achadianrani,4.6,-4.94,15.69,293.0,246.0,881.0,28257.0,598.0,188.0,2.49,1.95,0.6,1.25,0.59,0.82,1.21,0.79,0.73,1.1,Neuroticsm,3.6,2.666666667,2.375,2.555555556,4.0
juliandennis1,3.92,-1.18,10.53,625.0,363.0,22590.0,19286.0,1231.0,371.0,2.35,0.45,0.14,0.9,0.13,0.21,1.4,0.17,1.09,0.9,Conscientiousness,4.1,4.222222222,4.125,3.888888889,1.625
driddv,3.84,-2.88,14.95,60.0,55.0,3104.0,904.0,180.0,91.0,1.67,1.45,0.56,0.76,0.47,0.65,0.74,0.62,0.45,0.84,Openness,4.2,2.111111111,1.25,2.333333333,3.875
t_gooners16,5.01,-5.46,17.82,195.0,205.0,624.0,8649.0,1609.0,288.0,3.04,1.98,0.78,1.43,0.68,1.1,1.36,0.86,0.91,1.6,Openness,5.0,2.444444444,2.25,3.555555556,2.625
ichatarina,5.75,-5.34,19.39,272.0,180.0,1206.0,20593.0,121.0,115.0,2.75,2.26,0.74,1.3,0.64,0.89,1.28,0.99,0.46,1.54,Agreeableness,3.7,2.666666667,2.75,4.0,3.875
shelfiw,3.83,-2.49,12.69,537.0,309.0,94.0,26494.0,337.0,114.0,2.35,1.24,0.22,1.13,0.15,0.4,1.07,0.47,0.63,0.71,Conscientiousness,3.5,3.777777778,3.5,2.777777778,2.5
adityosusanto_,3.6,-2.89,13.22,396.0,153.0,1240.0,43225.0,1311.0,1169.0,2.1,1.2,0.31,0.71,0.27,0.46,0.76,0.44,0.28,1.11,Agreeableness,3.9,3.333333333,3.5,4.555555556,2.5
grestina,2.3,-1.83,7.26,185.0,128.0,26.0,1414.0,25.0,5.0,1.5,0.62,0.14,0.69,0.17,0.17,0.75,0.25,0.41,0.67,Openness,4.3,3.111111111,3.25,3.888888889,4.125
niazmi_,3.49,-2.12,13.23,89.0,67.0,24.0,900.0,247.0,42.0,2.15,0.97,0.24,0.74,0.25,0.33,0.72,0.47,0.24,1.3,Openness,3.3,3.111111111,2.5,3.0,2.625
nneninot1996,4.52,-2.78,15.0,471.0,321.0,3641.0,11954.0,1629.0,173.0,2.69,1.23,0.29,1.27,0.24,0.44,1.33,0.51,0.67,1.06,Conscientiousness,3.5,3.888888889,3.125,3.555555556,1.75
taritahir,4.26,-2.86,13.72,916.0,666.0,955.0,66539.0,1847.0,115.0,2.09,1.31,0.46,1.1,0.3,0.45,1.18,0.49,0.67,0.77,Openness,5.0,3.111111111,3.0,3.777777778,3.5
shafiraara,4.1,-2.48,11.24,174.0,77.0,690.0,12669.0,910.0,13.0,1.79,0.79,0.19,0.69,0.18,0.29,0.87,0.43,0.73,0.6,Neuroticsm,3.3,2.888888889,1.625,3.111111111,3.75
dzakyhaidar__,4.33,-2.36,16.04,479.0,488.0,3406.0,23265.0,1655.0,444.0,2.49,1.38,0.51,1.46,0.37,0.66,1.24,0.6,0.86,0.92,Agreeableness,3.6,4.0,2.875,4.0,2.25
granweastery,2.84,-1.76,10.42,234.0,167.0,1381.0,14088.0,412.0,216.0,2.17,0.73,0.18,1.25,0.1,0.28,1.22,0.35,0.98,0.64,Neuroticsm,3.7,2.111111111,3.25,3.888888889,4.0
egabetari,4.0,-3.07,16.53,212.0,216.0,78.0,8699.0,1021.0,145.0,2.39,1.28,0.39,1.08,0.22,0.61,0.95,0.58,0.64,1.16,Neuroticsm,3.7,3.0,3.5,3.222222222,3.75
lailapurnamas,5.54,-2.97,13.79,660.0,669.0,13.0,4299.0,196.0,13.0,2.42,1.33,0.52,0.9,0.27,0.47,1.19,0.5,0.68,1.08,Agreeableness,4.1,3.888888889,3.0,4.444444444,2.25
indraszlaila,2.54,-0.9,8.29,179.0,177.0,4244.0,2322.0,597.0,34.0,2.09,0.39,0.1,0.72,0.11,0.14,0.79,0.15,0.56,1.12,Openness,4.6,4.111111111,2.625,4.111111111,2.625
devaina,3.63,-3.26,16.11,475.0,567.0,329.0,16457.0,232.0,317.0,2.21,1.26,0.18,1.04,0.24,0.35,0.89,0.53,0.36,0.98,Neuroticsm,2.7,2.888888889,2.875,3.888888889,4.75
nidakarin,3.04,-1.52,8.04,149.0,187.0,1.0,4410.0,229.0,1.0,1.12,0.6,0.13,0.39,0.18,0.15,0.44,0.28,0.21,0.53,Conscientiousness,3.3,3.666666667,2.875,3.333333333,3.375
fitriindy,8.97,-5.67,13.42,284.0,113.0,3529.0,4396.0,344.0,226.0,3.0,1.94,0.72,0.97,0.46,0.85,1.4,0.83,0.63,1.82,Conscientiousness,4.3,4.333333333,3.375,4.111111111,2.375
isnanarahma,6.54,-3.45,19.02,379.0,381.0,71.0,4065.0,646.0,103.0,2.84,1.73,0.6,1.49,0.41,0.7,1.5,0.67,0.38,1.67,Conscientiousness,4.2,4.222222222,3.625,3.111111111,2.875
juliepuspita01,4.94,-4.55,12.91,5.0,102.0,2467.0,634.0,219.0,106.0,2.65,1.61,0.59,0.98,0.41,0.53,1.32,0.6,0.48,1.56,Openness,3.8,2.666666667,2.375,2.888888889,3.75
komalasari_ak,4.53,-3.73,14.22,195.0,149.0,358.0,1281.0,423.0,91.0,2.07,1.29,0.31,0.88,0.29,0.48,0.93,0.48,0.46,1.21,Agreeableness,3.3,3.444444444,3.125,3.444444444,2.75
pinochiao,2.44,-1.46,10.12,981.0,1592.0,9685.0,19936.0,370.0,2433.0,1.13,0.52,0.27,0.5,0.23,0.13,0.54,0.2,0.25,0.8,Openness,4.3,2.222222222,2.75,2.777777778,3.375
ramdaneinstein,3.0,-1.42,6.78,307.0,542.0,84.0,1397.0,50.0,45.0,1.71,0.52,0.17,0.5,0.19,0.21,0.56,0.26,0.27,1.19,Agreeableness,4.1,3.0,3.125,4.111111111,2.875
saraadaay,4.2,-2.2,12.43,41.0,81.0,1159.0,977.0,78.0,271.0,2.49,1.05,0.32,1.19,0.27,0.45,1.31,0.39,0.78,1.05,Openness,3.8,2.888888889,2.25,3.0,2.875
khelian_ni_s,7.28,-2.93,16.85,3.0,3.0,27.0,382.0,69.0,15.0,2.82,1.52,0.6,1.18,0.31,0.54,1.3,0.52,0.39,1.56,Agreeableness,4.0,3.444444444,3.625,4.444444444,2.125
salisnurk,4.36,-2.81,16.79,407.0,415.0,41.0,1132.0,206.0,465.0,2.3,1.16,0.25,0.98,0.23,0.44,0.75,0.51,0.28,1.41,Openness,3.9,2.666666667,3.125,3.888888889,2.0
effendisgurl,6.81,-4.69,16.96,382.0,152.0,1665.0,38634.0,488.0,74.0,2.6,2.01,0.58,1.43,0.48,0.7,1.21,0.77,0.52,1.25,Openness,4.5,3.555555556,3.0,2.777777778,4.125
mi_chiamo_joel,7.37,-3.96,15.51,225.0,267.0,3611.0,14542.0,1750.0,139.0,2.39,1.5,0.53,0.96,0.39,0.76,1.2,0.53,0.87,1.03,Openness,4.4,3.777777778,2.125,3.555555556,3.375
sfaui,2.6,-1.25,7.93,143.0,287.0,973.0,5033.0,169.0,15.0,1.02,0.45,0.16,0.39,0.11,0.18,0.66,0.16,0.29,0.36,Openness,4.5,2.111111111,2.125,3.444444444,4.25
dikmabelarosa,6.17,-3.75,20.64,178.0,134.0,534.0,2751.0,481.0,444.0,3.14,1.66,0.45,1.34,0.4,0.66,1.37,0.75,0.64,1.7,Conscientiousness,3.2,3.666666667,2.75,3.333333333,3.375
zea_mays07,5.52,-3.32,20.47,209.0,300.0,1539.0,3472.0,544.0,105.0,2.84,1.4,0.44,1.32,0.27,0.66,1.08,0.63,0.51,1.32,Openness,4.0,3.777777778,3.25,3.777777778,1.875
ni,2.43,-1.34,15.8,2260.0,1454.0,1372.0,4377.0,336.0,733.0,1.25,0.68,0.26,0.58,0.24,0.37,0.51,0.28,0.23,0.57,Openness,4.5,2.666666667,3.625,4.333333333,4.25
okkyskripsi,2.98,-2.36,14.66,203.0,327.0,245.0,9249.0,612.0,106.0,1.67,1.09,0.41,0.89,0.33,0.48,0.91,0.52,0.47,0.96,Agreeableness,4.6,2.666666667,3.75,4.666666667,1.375
nopiynovi,6.53,-3.89,11.87,387.0,365.0,1336.0,9152.0,1172.0,76.0,2.37,1.6,0.46,1.3,0.47,0.52,1.27,0.72,0.68,0.98,Agreeableness,3.3,3.111111111,3.125,3.777777778,2.75
artikakristi,6.1,-2.92,18.16,156.0,117.0,534.0,7713.0,262.0,50.0,2.59,1.16,0.28,1.14,0.3,0.4,1.25,0.53,0.47,1.22,Conscientiousness,4.2,4.555555556,2.375,3.666666667,3.5
ferrafbryn,3.41,-3.01,13.18,3242.0,885.0,808.0,97966.0,1290.0,1521.0,2.04,1.22,0.32,1.09,0.3,0.51,1.0,0.52,0.71,0.85,Agreeableness,2.7,2.333333333,3.5,3.666666667,2.375
amalinafitrah,3.36,-1.71,11.34,387.0,206.0,1091.0,6988.0,561.0,118.0,1.69,0.8,0.18,0.81,0.14,0.27,0.88,0.39,0.32,0.97,Neuroticsm,3.7,2.0,1.625,3.0,4.875
salsabilabia,3.36,-2.74,9.79,1589.0,465.0,3134.0,69032.0,669.0,451.0,1.96,1.1,0.25,0.93,0.17,0.44,0.97,0.44,0.76,0.73,Openness,4.8,2.777777778,3.625,4.222222222,4.0
betyratih,4.41,-3.1,14.15,204.0,122.0,981.0,7242.0,2102.0,63.0,2.27,1.26,0.34,0.93,0.22,0.57,0.84,0.45,0.29,1.21,Neuroticsm,2.9,2.666666667,3.125,3.666666667,3.875
betyratih,4.41,-3.1,14.15,204.0,122.0,981.0,7242.0,2102.0,63.0,2.27,1.26,0.34,0.93,0.22,0.57,0.84,0.45,0.29,1.21,Neuroticsm,2.9,2.666666667,3.375,3.666666667,3.875
indomilk,4.62,-0.75,9.65,12627.0,2.0,236.0,1756.0,96.0,266645.0,1.82,0.49,0.07,0.75,0.11,0.16,0.87,0.18,0.23,0.7,Conscientiousness,3.2,3.888888889,3.0,3.222222222,2.75
melyst94,4.49,-3.4,15.97,182.0,95.0,940.0,5435.0,2176.0,501.0,2.76,1.08,0.35,0.95,0.25,0.48,1.1,0.4,0.48,1.59,Neuroticsm,4.2,2.777777778,3.125,3.666666667,4.375
ibnubons,5.9,-2.17,14.13,218.0,186.0,1397.0,9604.0,1579.0,94.0,2.7,1.04,0.29,1.0,0.25,0.28,1.16,0.35,0.6,0.94,Agreeableness,3.7,3.333333333,3.625,3.888888889,3.25
wequte,3.09,-2.14,10.56,95.0,496.0,376.0,3342.0,1875.0,5.0,1.27,0.75,0.28,0.45,0.24,0.36,0.46,0.36,0.22,0.72,Conscientiousness,3.6,4.777777778,3.125,3.888888889,2.75
jehademusa,6.81,-5.72,19.75,1123.0,125.0,188.0,30007.0,1626.0,900.0,2.84,2.09,0.9,1.06,0.68,0.91,0.92,0.71,0.39,2.03,Neuroticsm,3.5,3.444444444,3.125,2.222222222,4.5
qthrnnada,3.93,-2.26,12.48,273.0,161.0,113.0,12114.0,151.0,26.0,2.09,0.98,0.16,0.82,0.23,0.18,1.04,0.44,0.32,0.76,Neuroticsm,3.5,2.777777778,2.25,3.333333333,4.25
hapsarihn,4.3,-3.21,12.95,347.0,310.0,3485.0,21574.0,475.0,257.0,2.1,1.28,0.34,1.1,0.19,0.38,0.98,0.61,0.58,0.93,Agreeableness,2.7,3.444444444,3.25,3.777777778,3.5
esjaeruk,4.29,-3.48,14.15,205.0,589.0,4219.0,7456.0,2004.0,46.0,2.35,1.35,0.49,1.22,0.36,0.78,1.31,0.5,0.76,0.92,Neuroticsm,3.3,1.888888889,1.875,3.222222222,3.625
alfrisadivaw,3.35,-1.82,11.43,105.0,110.0,4746.0,1164.0,64.0,4.0,1.52,0.84,0.24,0.81,0.26,0.25,0.83,0.37,0.43,0.56,Openness,3.3,2.555555556,3.0,3.444444444,3.375
chuggingtonn,4.58,-4.23,16.93,160.0,150.0,40.0,1888.0,14.0,720.0,2.27,1.87,0.68,0.81,0.57,0.76,0.92,0.87,0.34,1.61,Extroversion,3.3,3.0,3.875,3.777777778,3.375
naurakh,3.91,-3.91,14.69,519.0,439.0,3184.0,34731.0,1389.0,388.0,2.26,1.49,0.32,0.95,0.38,0.61,1.09,0.67,0.7,0.82,Agreeableness,3.3,2.444444444,3.375,4.0,3.625
atikapuspi,4.22,-2.84,13.76,90.0,46.0,14.0,4874.0,1395.0,59.0,2.19,1.21,0.29,0.78,0.22,0.49,0.91,0.54,0.32,1.01,Openness,3.7,2.666666667,1.875,3.555555556,3.375
igonovaldi,4.55,-4.32,17.9,79.0,112.0,562.0,1494.0,609.0,162.0,2.27,1.78,0.47,1.07,0.47,0.72,1.06,0.7,0.71,0.94,Openness,3.5,3.222222222,2.125,3.0,2.875
kissst__,1.55,-1.67,6.93,574.0,276.0,457.0,17597.0,390.0,11.0,0.82,0.64,0.19,0.35,0.18,0.16,0.3,0.25,0.16,0.38,Openness,4.4,3.888888889,3.5,2.888888889,4.375
fitripratiwi_pn,3.65,-3.84,14.89,374.0,168.0,749.0,8631.0,429.0,135.0,2.4,1.46,0.36,1.33,0.34,0.53,1.25,0.68,0.74,1.0,Neuroticsm,4.2,2.444444444,2.0,4.222222222,4.25
penguntitkmvrt,4.8,-3.95,16.26,65.0,125.0,1070.0,2297.0,134.0,176.0,2.72,1.42,0.36,1.23,0.33,0.5,1.22,0.61,0.69,1.15,Openness,4.7,3.0,3.375,3.444444444,4.25
agustinurfika,5.89,-3.12,13.26,674.0,318.0,39.0,10685.0,260.0,26.0,2.47,1.14,0.28,1.02,0.33,0.34,1.37,0.49,0.32,1.18,Agreeableness,2.9,3.444444444,2.875,3.444444444,2.875
pipaaw,3.39,-1.54,9.68,245.0,270.0,0.0,894.0,7.0,2.0,1.84,0.58,0.13,0.57,0.22,0.16,0.89,0.25,0.7,0.81,Agreeableness,3.4,3.333333333,3.25,4.111111111,3.625
lenteeramerahh,4.46,-2.81,14.23,339.0,469.0,956.0,6229.0,455.0,1101.0,2.61,1.2,0.43,1.22,0.36,0.56,1.37,0.56,0.92,0.93,Openness,4.5,4.444444444,3.125,4.111111111,2.25
inimella1,3.75,-3.94,14.45,124.0,130.0,2874.0,2308.0,221.0,502.0,2.0,1.36,0.38,1.07,0.28,0.58,1.15,0.53,0.84,0.86,Openness,3.8,3.222222222,3.125,3.777777778,3.625
clarisahasya,4.97,-3.78,14.92,85.0,127.0,241.0,4493.0,2091.0,93.0,2.22,1.55,0.27,1.01,0.35,0.62,1.18,0.58,0.97,0.7,Agreeableness,3.5,3.333333333,2.75,3.666666667,2.875
ariantipp,7.12,-2.94,11.85,183.0,13.0,0.0,327.0,5.0,0.0,1.9,1.09,0.42,1.07,0.3,0.26,1.16,0.47,0.23,1.34,Openness,4.0,3.444444444,3.25,3.888888889,3.125
